"naam";"voornaam";"fractie";"email";"straat";"straat-nr";"postcode";"gemeente";"deelstaatsenator";"uitgebreid-bureau-functie";"kieskring";"website";"fotowebpath";"id";
"Almaci";"Meyrem";"Groen";"meyrem.almaci@groen.be";"Leuvenseweg";"86";"1000";"BRUSSEL";"";"";"Kieskring Antwerpen";"https://www.groen.be/meyremalmaci";"http://docs.vlaamsparlement.be/pfile?id=1483067";"4381";
"Ampe";"Els";"Open Vld";"els.ampe@vlaamsparlement.be";"Leuvenseweg";"86";"1000";"BRUSSEL";"deelstaatsenator";"";"Kieskring Brussel-Hoofdstad";"https://www.elsampe.be";"http://docs.vlaamsparlement.be/pfile?id=1483322";"4382";
"Anaf";"Hannes";"sp.a";"hannes.anaf@vlaamsparlement.be";"Leuvenseweg";"86";"1000";"BRUSSEL";"";"";"Kieskring Antwerpen";"https://www.hannesanaf.be";"http://docs.vlaamsparlement.be/pfile?id=1482456";"4383";
"Annouri";"Imade";"Groen";"imade.annouri@vlaamsparlement.be";"Leuvenseweg";"86";"1000";"BRUSSEL";"";"";"Kieskring Antwerpen";;"http://docs.vlaamsparlement.be/pfile?id=1478733";"4052";
"Beckers";"Roosmarijn";"Vlaams Belang";"roosmarijn.beckers@vlaamsbelang.org";"Naamsevest";"8";"3800";"SINT-TRUIDEN";"";"";"Kieskring Limburg";;"http://docs.vlaamsparlement.be/pfile?id=1482480";"4384";
"Bex";"Stijn";"Groen";"stijn.bex@vlaamsparlement.be";"Leuvenseweg";"86";"1000";"BRUSSEL";"deelstaatsenator";"";"Kieskring Brussel-Hoofdstad";;"http://docs.vlaamsparlement.be/pfile?id=1482486";"4385";
"Blancquaert";"Adeline";"Vlaams Belang";"adeline.blancquaert@vlaamsparlement.be";"Leuvenseweg";"86";"1000";"BRUSSEL";"deelstaatsenator";"";"Kieskring Oost-Vlaanderen";;"http://docs.vlaamsparlement.be/pfile?id=1482587";"4386";
"Bothuyne";"Robrecht";"CD&V";"robrecht.bothuyne@kruisem.be";"Leuvenseweg";"86";"1000";"BRUSSEL";"";"";"Kieskring Oost-Vlaanderen";"http://www.bothuyne.be";"http://docs.vlaamsparlement.be/pfile?id=1478675";"3430";
"Brouns";"Jo";"CD&V";"jo.brouns@vlaamsparlement.be";"Weertersteenweg";"168";"3640";"KINROOI";"";"";"Kieskring Limburg";"http://www.jobrouns.be";"http://docs.vlaamsparlement.be/pfile?id=1482462";"4430";
"Brouwers";"Karin";"CD&V";"karin.brouwers@vlaamsparlement.be";"Leuvenseweg";"86";"1000";"BRUSSEL";"deelstaatsenator";"";"Kieskring Vlaams-Brabant";"http://www.karinbrouwers.be";"http://docs.vlaamsparlement.be/pfile?id=1482431";"3426";
"Brusselmans";"Filip";"Vlaams Belang";"filip.brusselmans@vlaamsparlement.be";"Leuvenseweg";"86";"1000";"BRUSSEL";"";"";"Kieskring Oost-Vlaanderen";;"http://docs.vlaamsparlement.be/pfile?id=1482451";"4387";
"Buysse";"Yves";"Vlaams Belang";"yves.buysse@vlaamsparlement.be";"Leuvenseweg";"86";"1000";"BRUSSEL";"deelstaatsenator";"";"Kieskring West-Vlaanderen";;"http://docs.vlaamsparlement.be/pfile?id=1482490";"4388";
"Ceyssens";"Lode";"CD&V";"lode.ceyssens@oudsbergen.be";"Dorpsstraat";"44";"3670";"OUDSBERGEN";"";"";"Kieskring Limburg";"http://www.lodeceyssens.be";"http://docs.vlaamsparlement.be/pfile?id=1482726";"3388";
"Claes";"Allessia";"N-VA";"allessia.claes@n-va.be";"Leuvenseweg";"86";"1000";"BRUSSEL";"deelstaatsenator";"";"Kieskring Vlaams-Brabant";"https://www.allessiaclaes.be/";"http://docs.vlaamsparlement.be/pfile?id=1495511";"4389";
"Claes";"Bart";"Vlaams Belang";"bart.claes@vlaamsparlement.be";"Leuvenseweg";"86";"1000";"BRUSSEL";"";"";"Kieskring Antwerpen";;"http://docs.vlaamsparlement.be/pfile?id=1482443";"4390";
"Coel";"Arnout";"N-VA";"arnout.coel@vlaamsparlement.be";"Leuvenseweg";"86";"1000";"BRUSSEL";"";"";"Kieskring Vlaams-Brabant";;"http://docs.vlaamsparlement.be/pfile?id=1487407";"4444";
"Coenegrachts";"Steven";"Open Vld";"steven.coenegrachts@vlaamsparlement.be";"Leuvenseweg";"86";"1000";"BRUSSEL";"";"";"Kieskring Limburg";"https://www.stevencoenegrachts.be";"http://docs.vlaamsparlement.be/pfile?id=1510458";"4446";
"Coudyser";"Cathy";"N-VA";"cathy.coudyser@n-va.be";"Leuvenseweg";"86";"1000";"BRUSSEL";"";"";"Kieskring West-Vlaanderen";"https://www.cathycoudyser.be";"http://docs.vlaamsparlement.be/pfile?id=1541983";"4068";
"Danen";"Johan";"Groen";"johan.danen@groen.be";"Winterstraat";"99";"3740";"BILZEN";"";"";"Kieskring Limburg";"https://www.johandanen.be";"http://docs.vlaamsparlement.be/pfile?id=1478781";"4069";
"Daniëls";"Koen";"N-VA";"koen.daniels@vlaamsparlement.be";"Leuvenseweg";"86";"1000";"BRUSSEL";"";"";"Kieskring Oost-Vlaanderen";"https://www.koendaniels.be";"http://docs.vlaamsparlement.be/pfile?id=1490202";"4070";
"De Bruyn";"Piet";"N-VA";"piet.debruyn@n-va.be";"Olmendreef";"28";"3110";"ROTSELAAR";"";"";"Kieskring Vlaams-Brabant";"http://www.pietdebruyn.be";"http://docs.vlaamsparlement.be/pfile?id=1482608";"3324";
"Deckmyn";"Johan";"Vlaams Belang";"johan.deckmyn@vlaamsparlement.be";"Orchideestraat";"88";"9041";"GENT";"";"";"Kieskring Oost-Vlaanderen";"https://www.johandeckmyn.be";"http://docs.vlaamsparlement.be/pfile?id=1482463";"2838";
"De Coninck";"Inez";"N-VA";"inez.deconinck@vlaamsparlement.be";"Leuvenseweg";"86";"1000";"BRUSSEL";"";"";"Kieskring Vlaams-Brabant";"https://www.inezdeconinck.be";"http://docs.vlaamsparlement.be/pfile?id=1542284";"4391";
"De Gucht";"Jean-Jacques";"Open Vld";"jean-jacques.degucht@vlaamsparlement.be";"Leuvenseweg";"86";"1000";"BRUSSEL";"";"";"Kieskring Oost-Vlaanderen";"https://www.jeanjacquesdegucht.be";"http://docs.vlaamsparlement.be/pfile?id=1541985";"3416";
"De Loor";"Kurt";"sp.a";"kurt.deloor@vlaamsparlement.be";"Lippenhovestraat";"55";"9620";"ZOTTEGEM";"deelstaatsenator";"";"Kieskring Oost-Vlaanderen";"http://www.kurtdeloor.be";"http://docs.vlaamsparlement.be/pfile?id=1482740";"2791";
"De Martelaer";"Ann";"Groen";"ann.demartelaer@vlaamsparlement.be";"Langelostraat";"81";"3212";"LUBBEEK";"";"";"Kieskring Vlaams-Brabant";;"http://docs.vlaamsparlement.be/pfile?id=1482441";"1781";
"De Meester";"Tom";"PVDA";"tom.demeester@vlaamsparlement.be";"Leuvenseweg";"86";"1000";"BRUSSEL";"";"";"Kieskring Oost-Vlaanderen";;"http://docs.vlaamsparlement.be/pfile?id=1546706";"4401";
"De Reuse";"Immanuel";"Vlaams Belang";"Immanuel.dereuse@vlaamsparlement.be";"Vlaanderenstraat";"1";"8800";"ROESELARE";"";"";"Kieskring West-Vlaanderen";;"http://docs.vlaamsparlement.be/pfile?id=1482458";"4432";
"De Ridder";"Annick";"N-VA";"annick.deridder@vlaamsparlement.be";"Leuvenseweg";"86";"1000";"BRUSSEL";"";"";"Kieskring Antwerpen";"https://www.annickderidder.be";"http://docs.vlaamsparlement.be/pfile?id=1478433";"2793";
"De Rudder";"Maaike";"CD&V";"burgemeester@sint-gillis-waas.be";"Omer De Meyplein";"1";"9170";"SINT-GILLIS-WAAS";"";"";"Kieskring Oost-Vlaanderen";;"http://docs.vlaamsparlement.be/pfile?id=1482474";"4392";
"De Veuster";"Maarten";"N-VA";"maarten.deveuster@vlaamsparlement.be";"Leuvenseweg";"86";"1000";"BRUSSEL";"";"";"Kieskring Antwerpen";"https://www.maartendeveuster.be";"http://docs.vlaamsparlement.be/pfile?id=1482476";"4393";
"De Vreese";"Maaike";"N-VA";"maaike.devreese@vlaamsparlement.be";"Leuvenseweg";"86";"1000";"BRUSSEL";"deelstaatsenator";"";"Kieskring West-Vlaanderen";"https://www.maaikedevreese.be";"http://docs.vlaamsparlement.be/pfile?id=1482475";"4394";
"De Vroe";"Gwenny";"Open Vld";"gwenny.devroe@vlaamsparlement.be";"Leuvenseweg";"86";"1000";"BRUSSEL";"";"";"Kieskring Vlaams-Brabant";"http://www.gwennydevroe.be";"http://docs.vlaamsparlement.be/pfile?id=1541305";"3448";
"De Wever";"Bart";"N-VA";"bart.dewever@vlaamsparlement.be";"Leuvenseweg";"86";"1000";"BRUSSEL";"";"";"Kieskring Antwerpen";;"http://docs.vlaamsparlement.be/pfile?id=1482416";"2796";
"Dewinter";"Filip";"Vlaams Belang";"filip.dewinter@vlaamsparlement.be";"Leuvenseweg";"86";"1000";"BRUSSEL";"";"eerste ondervoorzitter";"Kieskring Antwerpen";"http://www.filipdewinter.be";"http://docs.vlaamsparlement.be/pfile?id=1482452";"1803";
"De Witte";"Kim";"PVDA";"kim.dewitte@vlaamsparlement.be";"Leuvenseweg";"86";"1000";"BRUSSEL";"";"";"Kieskring Limburg";;"http://docs.vlaamsparlement.be/pfile?id=1482467";"4407";
"D'Haese";"Jos";"PVDA";"jos.dhaese@vlaamsparlement.be";"Leuvenseweg";"86";"1000";"BRUSSEL";"deelstaatsenator";"";"Kieskring Antwerpen";;"http://docs.vlaamsparlement.be/pfile?id=1482464";"4411";
"D'haeseleer";"Guy";"Vlaams Belang";"guy.dhaeseleer@vlaamsparlement.be";"Leuvenseweg";"86";"1000";"BRUSSEL";"deelstaatsenator";"";"Kieskring Oost-Vlaanderen";;"http://docs.vlaamsparlement.be/pfile?id=1541981";"4074";
"D'Hose";"Stephanie";"Open Vld";"stephanie.dhose@vlaamsparlement.be";"Leuvenseweg";"86";"1000";"BRUSSEL";"deelstaatsenator";"";"Kieskring Oost-Vlaanderen";"https://www.stephaniedhose.be";"http://docs.vlaamsparlement.be/pfile?id=1482484";"4395";
"Dochy";"Bart";"CD&V";"bart.dochy@vlaamsparlement.be";"Kapelstraat";"7";"8880";"LEDEGEM";"";"";"Kieskring West-Vlaanderen";"https://www.bartdochy.be";"http://docs.vlaamsparlement.be/pfile?id=1478795";"4075";
"El Kaouakibi";"Sihame";"Open Vld";"sihame.elkaouakibi@vlaamsparlement.be";"Leuvenseweg";"86";"1000";"BRUSSEL";"";"";"Kieskring Antwerpen";"https://www.sihame.be";"http://docs.vlaamsparlement.be/pfile?id=1482861";"4396";
"Fournier";"Martine";"CD&V";"martine.fournier@vlaamsparlement.be";"Oude Leielaan";"42";"8930";"MENEN";"deelstaatsenator";"";"Kieskring West-Vlaanderen";"https://www.martinefournier.be";"http://docs.vlaamsparlement.be/pfile?id=1541336";"3299";
"Gennez";"Caroline";"sp.a";"caroline.gennez@s-p-a.be";"Leuvenseweg";"86";"1000";"BRUSSEL";"";"secretaris";"Kieskring Antwerpen";"http://www.carolinegennez.be";"http://docs.vlaamsparlement.be/pfile?id=1478556";"2836";
"Goeman";"Hannelore";"sp.a";"hannelore.goeman@vlaamsparlement.be";"Leuvenseweg";"86";"1000";"BRUSSEL";"";"fractievoorzitter";"Kieskring Brussel-Hoofdstad";"https://www.hanneloregoeman.be";"http://docs.vlaamsparlement.be/pfile?id=1482455";"4397";
"Groothedde";"Celia";"Groen";"celia.groothedde@vlaamsparlement.be";"Leuvenseweg";"86";"1000";"BRUSSEL";"";"";"Kieskring Brussel-Hoofdstad";;"http://docs.vlaamsparlement.be/pfile?id=1483274";"4398";
"Grosemans";"Karolien";"N-VA";"karolien.grosemans@vlaamsparlement.be";"Leuvenseweg";"86";"1000";"BRUSSEL";"deelstaatsenator";"";"Kieskring Limburg";"https://www.karolien-grosemans.be";"http://docs.vlaamsparlement.be/pfile?id=1482465";"4399";
"Gryffroy";"Andries";"N-VA";"andries.gryffroy@vlaamsparlement.be";"Leuvenseweg";"86";"1000";"BRUSSEL";"deelstaatsenator";"";"Kieskring Oost-Vlaanderen";"https://www.andriesgryffroy.be";"http://docs.vlaamsparlement.be/pfile?id=1482615";"4077";
"Homans";"Liesbeth";"N-VA";"liesbeth.homans@vlaamsparlement.be";"Leuvenseweg";"86";"1000";"BRUSSEL";"";"voorzitter";"Kieskring Antwerpen";"http://www.liesbethhomans.be";"http://docs.vlaamsparlement.be/pfile?id=1482514";"3411";
"Jans";"Vera";"CD&V";"vera.jans@vlaamsparlement.be";"Leuvenseweg";"86";"1000";"BRUSSEL";"";"";"Kieskring Limburg";;"http://docs.vlaamsparlement.be/pfile?id=1482741";"2808";
"Janssens";"Chris";"Vlaams Belang";"chris.janssens@vlaamsparlement.be";"Leuvenseweg";"86";"1000";"BRUSSEL";"";"fractievoorzitter";"Kieskring Limburg";;"http://docs.vlaamsparlement.be/pfile?id=1482447";"3418";
"Joosen";"Sofie";"N-VA";"sofie.joosen@vlaamsparlement.be";"Leuvenseweg";"86";"1000";"BRUSSEL";"";"";"Kieskring Antwerpen";"https://www.sofiejoosen.be";"http://docs.vlaamsparlement.be/pfile?id=1478804";"4078";
"Keulen";"Marino";"Open Vld";"marino.keulen@vlaamsparlement.be";"Dassenpad";"2";"3620";"LANAKEN";"";"";"Kieskring Limburg";"http://www.marinokeulen.be";"http://docs.vlaamsparlement.be/pfile?id=1482713";"1834";
"Krekels";"Kathleen";"N-VA";"kathleen.krekels@vlaamsparlement.be";"Leuvenseweg";"86";"1000";"BRUSSEL";"";"";"Kieskring Antwerpen";"https://www.kathleenkrekels.be";"http://docs.vlaamsparlement.be/pfile?id=1542719";"4079";
"Laeremans";"Jan";"Vlaams Belang";"jan.laeremans@telenet.be";"Leuvenseweg";"86";"1000";"BRUSSEL";"";"";"Kieskring Vlaams-Brabant";;"http://docs.vlaamsparlement.be/pfile?id=1482460";"4400";
"Lambrecht";"Annick";"sp.a";"annick.lambrecht@vlaamsparlement.be";"Leuvenseweg";"86";"1000";"BRUSSEL";"deelstaatsenator";"";"Kieskring West-Vlaanderen";"https://www.annicklambrecht.be";"http://docs.vlaamsparlement.be/pfile?id=1482442";"4402";
"Maertens";"Bert";"N-VA";"bert.maertens@vlaamsparlement.be";"Leuvenseweg";"86";"1000";"BRUSSEL";"";"";"Kieskring West-Vlaanderen";"https://www.bertmaertens.be";"http://docs.vlaamsparlement.be/pfile?id=1478881";"4110";
"Malfroot";"Ilse";"Vlaams Belang";"ilse.malfroot@vlaamsbelang.org";"Leuvenseweg";"86";"1000";"BRUSSEL";"";"";"Kieskring Oost-Vlaanderen";;"http://docs.vlaamsparlement.be/pfile?id=1482706";"4403";
"Meremans";"Marius";"N-VA";"marius.meremans@n-va.be";"Leuvenseweg";"86";"1000";"BRUSSEL";"";"";"Kieskring Oost-Vlaanderen";"https://www.mariusmeremans.be";"http://docs.vlaamsparlement.be/pfile?id=1478713";"3919";
"Meuleman";"Elisabeth";"Groen";"elisabeth.meuleman@groen.be";"Jacob Lacopsstraat";"33";"9700";"OUDENAARDE";"";"";"Kieskring Oost-Vlaanderen";"https://www.elisabethmeuleman.be";"http://docs.vlaamsparlement.be/pfile?id=1478466";"3173";
"Moerenhout";"An";"Groen";"an.moerenhout@vlaamsparlement.be";"Leuvenseweg";"86";"1000";"BRUSSEL";"";"";"Kieskring Vlaams-Brabant";"https://www.anmoerenhout.be";"http://docs.vlaamsparlement.be/pfile?id=1478751";"4058";
"Muyters";"Philippe";"N-VA";"philippe.muyters@vlaamsparlement.be";"Leuvenseweg";"86";"1000";"BRUSSEL";"deelstaatsenator";"";"Kieskring Antwerpen";"https://www.philippemuyters.be";"http://docs.vlaamsparlement.be/pfile?id=1482432";"3461";
"Nachtergaele";"Joris";"N-VA";"joris.nachtergaele@vlaamsparlement.be";"Leuvenseweg";"86";"1000";"BRUSSEL";"";"";"Kieskring Oost-Vlaanderen";;"http://docs.vlaamsparlement.be/pfile?id=1487409";"4442";
"Ongena";"Tom";"Open Vld";"Tom.Ongena@vlaamsparlement.be";"Leuvenseweg";"86";"1000";"BRUSSEL";"";"";"Kieskring Antwerpen";;"http://docs.vlaamsparlement.be/pfile?id=1487410";"4445";
"Partyka";"Katrien";"CD&V";"burgemeester@tienen.be";"Grote Markt";"27";"3300";"TIENEN";"";"";"Kieskring Vlaams-Brabant";"https://www.katrienpartyka.be/";"http://docs.vlaamsparlement.be/pfile?id=1478755";"4059";
"Parys";"Lorin";"N-VA";"lorin@lorinparys.be";"Leuvenseweg";"86";"1000";"BRUSSEL";"";"secretaris";"Kieskring Vlaams-Brabant";"https://www.lorinparys.be";"http://docs.vlaamsparlement.be/pfile?id=1478814";"4083";
"Pelckmans";"Gustaaf";"Groen";"staf.pelckmans@groen.be";"Leuvenseweg";"86";"1000";"BRUSSEL";"";"";"Kieskring Antwerpen";"https://www.stafpelckmans.be";"http://docs.vlaamsparlement.be/pfile?id=1541987";"4404";
"Perdaens";"Freya";"N-VA";"freya.perdaens@vlaamsparlement.be";"Leuvenseweg";"86";"1000";"BRUSSEL";"deelstaatsenator";"";"Kieskring Antwerpen";"https://www.freyaperdaens.be/";"http://docs.vlaamsparlement.be/pfile?id=1485627";"4405";
"Pieters";"Leo";"Vlaams Belang";"leo.pieters@vlaamsbelang.org";"Diestersteenweg";"470";"3680";"MAASEIK";"deelstaatsenator";"";"Kieskring Limburg";;"http://docs.vlaamsparlement.be/pfile?id=1482470";"3298";
"Robeyns";"Els";"sp.a";"els.robeyns@vlaamsparlement.be";"Bloemenstraat";"41";"3830";"WELLEN";"";"";"Kieskring Limburg";"http://www.elsrobeyns.be";"http://docs.vlaamsparlement.be/pfile?id=1478608";"3221";
"Rombouts";"Tinne";"CD&V";"tinne.rombouts@vlaamsparlement.be";"Leuvenseweg";"86";"1000";"BRUSSEL";"";"";"Kieskring Antwerpen";"https://www.tinnerombouts.be";"http://docs.vlaamsparlement.be/pfile?id=1478267";"2832";
"Ronse";"Axel";"N-VA";"axel_ronse@hotmail.com";"Spinnerijkaai";"45/205";"8500";"KORTRIJK";"";"";"Kieskring West-Vlaanderen";"https://www.axelronse.be";"http://docs.vlaamsparlement.be/pfile?id=1493324";"4060";
"Rousseau";"Conner";"sp.a";"conner.rousseau@s-p-a.be";"Leuvenseweg";"86";"1000";"BRUSSEL";"";"";"Kieskring Oost-Vlaanderen";"https://www.conner.be";"http://docs.vlaamsparlement.be/pfile?id=1482449";"4406";
"Rutten";"Gwendolyn";"Open Vld";"gwendolyn.rutten@vlaamsparlement.be";"Melsensstraat";"34";"1000";"BRUSSEL";"";"";"Kieskring Vlaams-Brabant";"http://www.gwendolynrutten.be";"http://docs.vlaamsparlement.be/pfile?id=1482708";"4061";
"Ryheul";"Carmen";"Vlaams Belang";"carmen.ryheul@vlaamsbelang.org";"Leuvenseweg";"86";"1000";"BRUSSEL";"";"";"Kieskring West-Vlaanderen";;"http://docs.vlaamsparlement.be/pfile?id=1482720";"4408";
"Rzoska";"Björn";"Groen";"bjorn.rzoska@groen.be";"Leuvenseweg";"86";"1000";"BRUSSEL";"";"fractievoorzitter";"Kieskring Oost-Vlaanderen";"https://www.bjornrzoska.be";"http://docs.vlaamsparlement.be/pfile?id=1478718";"3920";
"Saeys";"Freya";"Open Vld";"freya.saeys@vlaamsparlement.be";"Leuvenseweg";"86";"1000";"BRUSSEL";"";"";"Kieskring Oost-Vlaanderen";"http://www.freyasaeys.be";"http://docs.vlaamsparlement.be/pfile?id=1484936";"4086";
"Schauvliege";"Joke";"CD&V";"joke.schauvliege@vlaamsparlement.be";"Leuvenseweg";"86";"1000";"BRUSSEL";"";"tweede ondervoorzitter";"Kieskring Oost-Vlaanderen";"http://www.jokeschauvliege.be";"http://docs.vlaamsparlement.be/pfile?id=1478493";"2831";
"Schauvliege";"Mieke";"Groen";"mieke.schauvliege@groen.be";"Leuvenseweg";"86";"1000";"BRUSSEL";"";"";"Kieskring Oost-Vlaanderen";;"http://docs.vlaamsparlement.be/pfile?id=1482479";"4409";
"Schiltz";"Willem-Frederik";"Open Vld";"willem-frederik.schiltz@vlaamsparlement.be";"Leuvenseweg";"86";"1000";"BRUSSEL";"deelstaatsenator";"fractievoorzitter";"Kieskring Antwerpen";"https://www.wfschiltz.be";"http://docs.vlaamsparlement.be/pfile?id=1478765";"4062";
"Schryvers";"Katrien";"CD&V";"katrien.schryvers@vlaamsparlement.be";"Leuvenseweg";"86";"1000";"BRUSSEL";"";"";"Kieskring Antwerpen";"http://www.katrienschryvers.be";"http://docs.vlaamsparlement.be/pfile?id=1482712";"3433";
"Segers";"Katia";"sp.a";"katia.segers@vlaamsparlement.be";"Leuvenseweg";"86";"1000";"BRUSSEL";"deelstaatsenator";"";"Kieskring Vlaams-Brabant";"http://www.s-p-a.be/mandataris/segerskatia";"http://docs.vlaamsparlement.be/pfile?id=1478824";"4087";
"Sintobin";"Stefaan";"Vlaams Belang";"stefaan.sintobin@vlaamsparlement.be";;;;;"";"";"Kieskring West-Vlaanderen";;"http://docs.vlaamsparlement.be/pfile?id=1478515";"2825";
"Slagmulder";"Kristof";"Vlaams Belang";"kristof.slagmulder@vlaamsbelang.org";"Leuvenseweg";"86";"1000";"BRUSSEL";"";"";"Kieskring Oost-Vlaanderen";;"http://docs.vlaamsparlement.be/pfile?id=1482468";"4410";
"Sleurs";"Elke";"N-VA";"elke.sleurs@n-va.be";"Leuvenseweg";"86";"1000";"BRUSSEL";"";"";"Kieskring Oost-Vlaanderen";"https://www.elkesleurs.be";"http://docs.vlaamsparlement.be/pfile?id=1478826";"4088";
"Slootmans";"Klaas";"Vlaams Belang";"klaas.slootmans@vlaamsparlement.be";"Leuvenseweg";"86";"1000";"BRUSSEL";"deelstaatsenator";"";"Kieskring Vlaams-Brabant";;"http://docs.vlaamsparlement.be/pfile?id=1483275";"4412";
"Smeyers";"Sarah";"N-VA";"sarah.smeyers@n-va.be";"Leuvenseweg";"86";"1000";"BRUSSEL";"";"";"Kieskring Oost-Vlaanderen";"https://www.sarahsmeyers.be";"http://docs.vlaamsparlement.be/pfile?id=1482481";"4413";
"Sminate";"Nadia";"N-VA";"nadia.sminate@n-va.be";"Leuvenseweg";"86";"1000";"BRUSSEL";"deelstaatsenator";"derde ondervoorzitter";"Kieskring Vlaams-Brabant";"https://www.nadiasminate.be";"http://docs.vlaamsparlement.be/pfile?id=1478828";"4089";
"Steenwegen";"Chris";"Groen";"chris.steenwegen@groen.be";"Leuvenseweg";"86";"1000";"BRUSSEL";"deelstaatsenator";"";"Kieskring Vlaams-Brabant";;"http://docs.vlaamsparlement.be/pfile?id=1482448";"4414";
"Sterckx";"Els";"Vlaams Belang";"els.sterckx@vlaamsparlement.be";"Leuvenseweg";"86";"1000";"BRUSSEL";"";"";"Kieskring Antwerpen";;"http://docs.vlaamsparlement.be/pfile?id=1482450";"4416";
"Talpe";"Emmily";"Open Vld";"emmily.talpe@vlaamsparlement.be";"Poperingseweg";"73";"8900";"IEPER";"";"";"Kieskring West-Vlaanderen";"https://www.emmily.be";"http://docs.vlaamsparlement.be/pfile?id=1482711";"4272";
"Tavernier";"Annabel";"N-VA";"annabel.tavernier@vlaamsparlement.be";"Leuvenseweg";"86";"1000";"BRUSSEL";"";"";"Kieskring Brussel-Hoofdstad";;"http://docs.vlaamsparlement.be/pfile?id=1484545";"4417";
"Tobback";"Bruno";"sp.a";"bruno.tobback@vlaamsparlement.be";"Leuvenseweg";"86";"1000";"BRUSSEL";"";"";"Kieskring Vlaams-Brabant";;"http://docs.vlaamsparlement.be/pfile?id=1482445";"1882";
"Tommelein";"Bart";"Open Vld";"bart@tommelein.be";"Distellaan";"76";"8400";"OOSTENDE";"";"vierde ondervoorzitter";"Kieskring West-Vlaanderen";"https://www.tommelein.be";"http://docs.vlaamsparlement.be/pfile?id=1482710";"3434";
"Vandaele";"Wilfried";"N-VA";"wilfried.vandaele@vlaamsparlement.be";"Leuvenseweg";"86";"1000";"BRUSSEL";"";"fractievoorzitter";"Kieskring West-Vlaanderen";"https://www.wilfriedvandaele.be";"http://docs.vlaamsparlement.be/pfile?id=1478470";"3464";
"Vandecasteele";"Lise";"PVDA";"lise.vandecasteele@vlaamsparlement.be";"Leuvenseweg";"86";"1000";"BRUSSEL";"";"";"Kieskring Antwerpen";;"http://docs.vlaamsparlement.be/pfile?id=1482471";"4415";
"Vandenberghe";"Steve";"sp.a";"steve.vandenberghe@vlaamsparlement.be";"Ganzenstraat";"25";"8450";"BREDENE";"";"";"Kieskring West-Vlaanderen";;"http://docs.vlaamsparlement.be/pfile?id=1478731";"4107";
"Van den Bossche";"Freya";"sp.a";"freya.vandenbossche@vlaamsparlement.be";"Leuvenseweg";"86";"1000";"BRUSSEL";"";"";"Kieskring Oost-Vlaanderen";"http://www.freyavandenbossche.be";"http://docs.vlaamsparlement.be/pfile?id=1478605";"3458";
"Van den Brande";"Tine";"Groen";"tine.vandenbrande@groen.be";"Leuvenseweg";"86";"1000";"BRUSSEL";"";"";"Kieskring Antwerpen";;"http://docs.vlaamsparlement.be/pfile?id=1486545";"4419";
"Van den Heuvel";"Koen";"CD&V";"koen.vandenheuvel@vlaamsparlement.be";"Leemgaard";"18";"2870";"PUURS-SINT-AMANDS";"";"";"Kieskring Antwerpen";"http://www.koenvandenheuvel.be";"http://docs.vlaamsparlement.be/pfile?id=1483324";"2815";
"Vandenhove";"Ludwig";"sp.a";"ludwig.vandenhove@vlaamsparlement.be";"Kommanderijstraat";"3";"3800";"SINT-TRUIDEN";"";"";"Kieskring Limburg";"https://www.ludwigvandenhove.be";"http://docs.vlaamsparlement.be/pfile?id=1482473";"4423";
"Vandeput";"Steven";"N-VA";"steven.vandeput@vlaamsparlement.be";"Leuvenseweg";"86";"1000";"BRUSSEL";"";"";"Kieskring Limburg";"https://www.stevenvandeput.be";"http://docs.vlaamsparlement.be/pfile?id=1482485";"4424";
"Vande Reyde";"Maurits";"Open Vld";"maurits.vandereyde@vlaamsparlement.be";"Leuvenseweg";"86";"1000";"BRUSSEL";"";"";"Kieskring Vlaams-Brabant";"https://www.mauritsvdr.be";"http://docs.vlaamsparlement.be/pfile?id=1588415";"4422";
"Van dermeersch";"Anke";"Vlaams Belang";"anke.vandermeersch@vlaamsparlement.be";"Leuvenseweg";"86";"1000";"BRUSSEL";"deelstaatsenator";"";"Kieskring Antwerpen";"http://www.ankevandermeersch.be";"http://docs.vlaamsparlement.be/pfile?id=1483810";"4095";
"van der Vloet";"Tine";"N-VA";"tine.vandervloet@vlaamsparlement.be";"Leuvenseweg";"86";"1000";"BRUSSEL";"";"";"Kieskring Antwerpen";"https://www.tinevandervloet.be";"http://docs.vlaamsparlement.be/pfile?id=1542930";"4094";
"Van de Wauwer";"Orry";"CD&V";"orry.vandewauwer@vlaamsparlement.be";"Leuvenseweg";"86";"1000";"BRUSSEL";"deelstaatsenator";"";"Kieskring Antwerpen";"http://www.orry.be";"http://docs.vlaamsparlement.be/pfile?id=1478874";"4356";
"Van Dijck";"Kris";"N-VA";"kris.vandijck@vlaamsparlement.be";"Heegstraat";"12";"2480";"DESSEL";"";"";"Kieskring Antwerpen";"https://www.krisvandijck.be";"http://docs.vlaamsparlement.be/pfile?id=1482672";"1895";
"Vandromme";"Loes";"CD&V";"loes.vandromme@vlaamsparlement.be";"Komstraat";"84";"8970";"POPERINGE";"";"";"Kieskring West-Vlaanderen";"https://www.loesvandromme.be/";"http://docs.vlaamsparlement.be/pfile?id=1482472";"4425";
"Vaneeckhout";"Jeremie";"Groen";"jeremie.vaneeckhout@groen.be";"Leuvenseweg";"86";"1000";"BRUSSEL";"";"secretaris";"Kieskring West-Vlaanderen";"https://www.groen.be/jeremie_vaneeckhout";"http://docs.vlaamsparlement.be/pfile?id=1482461";"4426";
"Vanlouwe";"Karl";"N-VA";"karl.vanlouwe@vlaamsparlement.be";"Leuvenseweg";"86";"1000";"BRUSSEL";"deelstaatsenator";"";"Kieskring Brussel-Hoofdstad";"https://www.karlvanlouwe.be";"http://docs.vlaamsparlement.be/pfile?id=1478858";"4102";
"Van Miert";"Paul";"N-VA";"paul.vanmiert@vlaamsparlement.be";"Duifhuisstraat";"22 bus 3";"2300";"TURNHOUT";"";"";"Kieskring Antwerpen";"https://www.paulvanmiert.be";"http://docs.vlaamsparlement.be/pfile?id=1541394";"4064";
"Van Peteghem";"Vincent";"CD&V";"vincent.vanpeteghem@vlaamsparlement.be";"Leuvenseweg";"86";"1000";"BRUSSEL";"";"";"Kieskring Oost-Vlaanderen";"https://www.vincentvanpeteghem.be";"http://docs.vlaamsparlement.be/pfile?id=1482980";"4420";
"Van Rompuy";"Peter";"CD&V";"petervanrompuy@gmail.com";"Kerselarenlaan";"7";"1650";"BEERSEL";"deelstaatsenator";"fractievoorzitter";"Kieskring Vlaams-Brabant";"http://www.petervanrompuy.be";"http://docs.vlaamsparlement.be/pfile?id=1484146";"3918";
"Van Rooy";"Sam";"Vlaams Belang";"sam.vanrooy@vlaamsbelang.org";"Leuvenseweg";"86";"1000";"BRUSSEL";"";"";"Kieskring Antwerpen";"https://www.samvanrooy.be";"http://docs.vlaamsparlement.be/pfile?id=1486467";"4421";
"Vanryckeghem";"Kurt";"CD&V";"kurt.vanryckeghem@vlaamsparlement.be";"Gemeenteplein";"2";"8790";"WAREGEM";"";"";"Kieskring West-Vlaanderen";;"http://docs.vlaamsparlement.be/pfile?id=1482469";"4427";
"Van Volcem";"Mercedes";"Open Vld";"mercedes.vanvolcem@vlaamsparlement.be";"Sint-Walburgastraat";"22";"8000";"BRUGGE";"";"";"Kieskring West-Vlaanderen";"http://www.mercedesvanvolcem.be";"http://docs.vlaamsparlement.be/pfile?id=1478580";"3444";
"Van Werde";"Manuela";"N-VA";"manuela.vanwerde@vlaamsparlement.be";"Leuvenseweg";"86";"1000";"BRUSSEL";"";"";"Kieskring Antwerpen";"https://www.manuelavanwerde.be";"http://docs.vlaamsparlement.be/pfile?id=1478852";"4099";
"Verheyden";"Wim";"Vlaams Belang";"wim.verheyden@vlaamsbelang.org";"Sint-Amandsesteenweg";"226/AGVL";"2880";"BORNEM";"";"";"Kieskring Antwerpen";;"http://docs.vlaamsparlement.be/pfile?id=1482489";"4433";
"Verheyen";"Katja";"N-VA";"katja.verheyen@vlaamsparlement.be";"Leuvenseweg";"86";"1000";"BRUSSEL";"";"";"Kieskring Limburg";"https://www.katjaverheyen.be";"http://docs.vlaamsparlement.be/pfile?id=1482466";"4431";
"Verougstraete-Deschacht";"Frieda";"Vlaams Belang";"frieda.verougstraete-deschacht@vlaamsparlement.be";"Verenigde-Natieslaan";"27";"8400";"OOSTENDE";"";"";"Kieskring West-Vlaanderen";;"http://docs.vlaamsparlement.be/pfile?id=1482724";"4434";
"Veys";"Maxim";"sp.a";"maxim.veys@vlaamsparlement.be";"Leuvenseweg";"86";"1000";"BRUSSEL";"";"";"Kieskring West-Vlaanderen";"https://www.maximveys.be";"http://docs.vlaamsparlement.be/pfile?id=1482478";"4428";
"Warnez";"Brecht";"CD&V";"brecht.warnez@vlaamsparlement.be";"Kerkplein";"3";"8750";"WINGENE";"";"";"Kieskring West-Vlaanderen";"https://www.brechtwarnez.be";"http://docs.vlaamsparlement.be/pfile?id=1487411";"4443";
"Wouters";"Suzy";"Vlaams Belang";"suzy.wouters@vlaamsparlement.be";"Leuvenseweg";"86";"1000";"BRUSSEL";"";"";"Kieskring Vlaams-Brabant";;"http://docs.vlaamsparlement.be/pfile?id=1482725";"4429";
